location_name,year,CMNN,Injuries,NCD,cmnn_share_pct,ncd_share_pct,injuries_share_pct,cmnn_ncd_ratio
Brunei Darussalam,1990,3913.7517844570257,4018.814919086368,25281.14620658648,11.7835419215157,76.11659158671166,12.09986649177264,0.1548091115994329
Brunei Darussalam,1991,3801.186534602135,3906.0318964604894,25076.535598869497,11.594726251092501,76.49073860172999,11.91453514717752,0.15158340033116458
Brunei Darussalam,1992,3679.082247064708,3822.3342234777074,24853.391055218115,11.371052799913784,76.81514110516692,11.813806094919304,0.14803139897049433
Brunei Darussalam,1993,3559.980083874181,3739.4765475078334,24589.904385847312,11.163535330641396,77.11005677586881,11.726407893489782,0.14477405149745615
Brunei Darussalam,1994,3437.3008397468907,3647.4456158135695,24272.30922017865,10.961809920203457,77.40621272346716,11.63197735632938,0.14161408412221899
Brunei Darussalam,1995,3329.29560566832,3563.161317266631,24077.034202782503,10.750243173687899,77.74436494627653,11.505391880035566,0.13827681506070064
Brunei Darussalam,1996,3227.788091308188,3490.164887863957,23763.99720060955,10.589178422872498,77.96088196604927,11.449939611078234,0.13582681667818894
Brunei Darussalam,1997,3170.375766058049,3410.647695641482,23576.681009561347,10.512656124338953,78.17796952028961,11.309374355371435,0.13447082584577222
Brunei Darussalam,1998,3126.07352631149,3327.3201415905155,23392.26852702628,10.474130230029568,78.37744853589263,11.148421234077798,0.13363704006303526
Brunei Darussalam,1999,3075.1333670329373,3234.891350912833,23081.41903836204,10.462682243613743,78.53108282034785,11.00623493603842,0.13322982273845335
Brunei Darussalam,2000,3012.8949743099347,3141.469283959023,22868.13152654894,10.381240113353812,78.7945037397907,10.824256146855477,0.13175081535682487
Brunei Darussalam,2001,2930.5908425973125,3055.169182211749,22574.669527652062,10.261018088731008,79.04177171490316,10.697210196365821,0.12981766306734133
Brunei Darussalam,2002,2859.5439164431086,2975.827749223028,22351.15838409686,10.145072527177403,79.29730387045211,10.557623602370489,0.12793716850387993
Brunei Darussalam,2003,2813.945448083193,2895.0679909029427,22123.54085518618,10.110266626417351,79.488000351511,10.401733022071651,0.1271923633970893
Brunei Darussalam,2004,2757.138949734496,2817.66919347271,21841.57648506284,10.056537311967487,79.66614410034641,10.277318587686093,0.12623351394163632
Brunei Darussalam,2005,2686.922776643311,2765.07337478125,21666.791463305915,9.9079752930541,79.89587060867305,10.196154098272844,0.1240111061757245
Brunei Darussalam,2006,2609.270978487936,2719.796494517504,21362.65646336208,9.775580568375354,80.03475726892043,10.18966216270421,0.12214169070981194
Brunei Darussalam,2007,2562.282752131205,2672.392987891656,21051.53138801192,9.74763205528605,80.0858461073299,10.166521837384039,0.1217147914279686
Brunei Darussalam,2008,2506.00731308314,2640.8779762368035,20756.433267355937,9.674464326260175,80.13040190947474,10.195133764265076,0.12073400476874746
Brunei Darussalam,2009,2469.0521285892505,2607.1300563350933,20553.7609076703,9.63346707274837,80.19432908381671,10.172203843434913,0.12012653740989289
Brunei Darussalam,2010,2444.5918963421072,2566.679090792052,20362.131434450635,9.634466264021919,80.24990537780168,10.115628358176414,0.12005579593726169
Brunei Darussalam,2011,2412.8870616435765,2504.416127194292,20148.61705866581,9.626165877089138,80.38251482377719,9.991319299133682,0.11975447518894637
Brunei Darussalam,2012,2387.318796115627,2455.458645589016,19985.721565470383,9.615236085861376,80.49508574680588,9.889678167332747,0.11945121862601306
Brunei Darussalam,2013,2389.662635641333,2410.1565367174103,19904.16228897185,9.673188264741444,80.57066558331113,9.756146151947426,0.12005843807681148
Brunei Darussalam,2014,2371.5461835376977,2367.2490080153666,19761.402864268868,9.679702091119022,80.65813516790328,9.662162740977688,0.12000899935225526
Brunei Darussalam,2015,2357.8264684796472,2376.202185863427,19702.840873343896,9.648643684937754,80.627515938654,9.723840376408239,0.11966936563293096
Brunei Darussalam,2016,2349.911842409856,2294.422109687766,19635.168643995505,9.67858313039735,80.87137933029587,9.450037539306786,0.11967871959828907
Brunei Darussalam,2017,2309.2263344088165,2276.584399680153,19510.82789555627,9.583188634317889,80.96908533770677,9.447726027975339,0.11835614289513359
Brunei Darussalam,2018,2246.899777742423,2232.84403020701,19323.99274595396,9.43927342102083,81.18050165021327,9.380224928765912,0.11627513047027388
Brunei Darussalam,2019,2195.1920846857333,2209.056972362589,19301.755544259267,9.260067740662842,81.42137770105137,9.318554558285797,0.11373017752981686
Brunei Darussalam,2020,2201.4802885989943,2198.581182518581,19348.49357977182,9.269954672533004,81.47229816008199,9.257747167385002,0.11378044908367263
Brunei Darussalam,2021,2537.018935276751,2188.616032783334,19482.599793798847,10.479983196767112,80.47922529442121,9.040791508811656,0.13021973258847433
Brunei Darussalam,2022,2993.501161152811,2176.6865504975026,19553.40923060569,12.107870744472901,79.08804401023964,8.804085245287462,0.1530935667457559
Brunei Darussalam,2023,2332.399851335401,2165.679864244976,19508.416546552216,9.715702890864943,81.26307285134496,9.021224257790088,0.1195586451503986
Cambodia,1990,35828.33844479089,8714.356459440443,26477.274419059184,50.448259533451015,37.28145009262366,12.270290373925336,1.353173211023583
Cambodia,1991,35351.368517199364,8612.808304043538,26423.620877107955,50.22371728221812,37.54005913119661,12.236223586585279,1.3378699566426926
Cambodia,1992,34786.101256786045,8322.337561721159,26387.840948386747,50.054623604984904,37.97014895890465,11.97522743611045,1.3182625029772561
Cambodia,1993,34301.39312108128,8266.152292011386,26277.03433269598,49.82439176437788,38.168632054585814,12.006976181036302,1.3053753588319041
Cambodia,1994,33997.71137385751,8403.163517675146,26140.385913388047,49.601817904430426,38.138174883867,12.260007211702572,1.3005818462857988
Cambodia,1995,33507.40109078523,7988.100272895932,26007.08412012747,49.63869287469354,38.52753777315035,11.833769352156121,1.2883951517214915
Cambodia,1996,32873.625004039,7776.223667125711,25692.89773764797,49.55119705395888,38.72751601105715,11.721286934983974,1.2794829660598799
Cambodia,1997,32182.11290385522,7262.302461023963,25334.11576258543,49.68021402110914,39.10881479040568,11.210971188485182,1.2703073280885226
Cambodia,1998,31541.98082373172,6897.53740294755,25198.58269360892,49.56461674310579,39.59669180758892,10.838691449305294,1.2517363062539095
Cambodia,1999,30203.39575739039,6369.867072453488,24744.025519400668,49.25755291943289,40.354076616151474,10.388370464415631,1.2206338751836996
Cambodia,2000,29008.45940361984,6092.968882017451,24223.727102395475,48.897401471402645,40.83213426741728,10.270464261180075,1.197522548078541
Cambodia,2001,27278.8025519902,5741.629534798727,24077.31213032201,47.77562218266294,42.16858732416713,10.055790493169933,1.132967102155741
Cambodia,2002,25565.061917878844,5464.774183704669,23817.76673667207,46.61108342924242,43.42535590280975,9.963560667947826,1.0733609998168498
Cambodia,2003,23919.91660638153,5109.486141779913,23356.341097248263,45.66111856112837,44.585300088842516,9.75358135002913,1.0241294433398929
Cambodia,2004,22064.260683746543,4912.9298651747695,23113.917536534496,44.048258317833074,46.143753691976585,9.807987990190343,0.9545876699123444
Cambodia,2005,20235.60021560275,4771.461993818583,22959.011521857865,42.1873183303867,47.8651049291242,9.947576740489103,0.8813794181137841
Cambodia,2006,18633.379738732216,4537.580431144134,22533.5599356132,40.769227410603904,49.3026945335035,9.928078055892612,0.8269168205989086
Cambodia,2007,17018.793631219727,4494.087252331401,22472.59647117539,38.69184707027159,51.090945972786095,10.217206956942308,0.7573131859973984
Cambodia,2008,15569.885571558894,4352.4893900626885,22214.12124675816,36.95106848599929,52.71943148025774,10.329500033742963,0.7009003596678892
Cambodia,2009,14423.341338858498,4269.91498506518,21966.43749101457,35.473315181629346,54.025093231135365,10.501591587235284,0.6566081252255129
Cambodia,2010,13511.39588671265,4303.156855533733,21768.48484728605,34.13430779826176,54.994477869587854,10.871214332150409,0.6206860965060303
Cambodia,2011,12548.347285298983,4204.945712528942,21503.165925787664,32.800597960081795,56.20793594284762,10.991466097070585,0.583558129468293
Cambodia,2012,11681.846049000418,4080.7060982622456,21479.92111053337,31.366998556023766,57.675871744197174,10.957129699779067,0.543849578817673
Cambodia,2013,10949.646526961596,4084.960522753299,21429.1742701793,30.028828965655308,58.768381924470916,11.202789109873788,0.5109691296971276
Cambodia,2014,10386.428603431534,3928.7606148883847,21167.55320240042,29.27177522041341,59.65591089723525,11.072313882351336,0.49067686303269586
Cambodia,2015,9851.14133299368,3854.737761447109,21062.15568334924,28.333903241740405,60.57908023263896,11.08701652562063,0.46771762022353364
Cambodia,2016,9316.663140579058,3814.508759790549,20996.036099007382,27.299810581484245,61.522864980313294,11.17732443820246,0.4437343837973072
Cambodia,2017,8917.126523819927,3697.343207037335,20714.85177257319,26.754599618543455,62.15203561957028,11.093364761886264,0.4304702066768516
Cambodia,2018,8442.235637721746,3645.9011673130462,20668.548078202504,25.772558083378954,63.097191159229006,11.130250757392051,0.4084580883852751
Cambodia,2019,8087.470898514337,3620.336623389173,20628.91375375928,25.010175984047944,63.79407973338651,11.195744282565546,0.3920454074825209
Cambodia,2020,7806.0145778807155,3650.433960978885,20721.01294699006,24.25926166150019,64.39604614584752,11.344692192652293,0.3767197384534533
Cambodia,2021,9154.728378416925,3529.368493247323,20164.171727062865,27.869744035068177,61.38579775204418,10.744458212887626,0.454009641572836
Cambodia,2022,8137.847426604349,3601.931175603004,20747.41682597904,25.049399676845685,63.86336694357513,11.087233379579182,0.392234247514345
Cambodia,2023,8268.580924567246,3695.5971093660346,21112.17183803536,24.99846856310665,63.828602369233565,11.172929067659785,0.39164994430704186
Indonesia,1990,24421.307630940188,3031.129716880884,24263.37501431135,47.22212900753362,46.916743460221824,5.86112753224457,1.0065090951500228
Indonesia,1991,23284.87592244692,2996.715949250108,24101.907823230336,46.21528092220091,47.836906862698406,5.94781221510069,0.9661009449220477
Indonesia,1992,22169.78591664017,3028.092840325104,23983.63901448469,45.07747406183102,48.765552795540756,6.15697314262823,0.9243712308733024
Indonesia,1993,21111.25523812428,2915.7454134630457,23869.999586218823,44.07636205463386,49.83610553417855,6.087532411187588,0.8844262925883214
Indonesia,1994,20099.875867213825,2896.239339174796,23740.928547801792,43.006305604024604,50.79681263681379,6.196881759161588,0.8466339396432285
Indonesia,1995,19167.408136738213,2867.156236917336,23619.990110315583,41.98356188859034,51.73632812167367,6.280109989736,0.8114909467454523
Indonesia,1996,18328.866324591327,2872.189686478529,23543.94237636803,40.96293884265093,52.618042741907814,6.419018415441251,0.7784960577795468
Indonesia,1997,17616.259459850557,2881.754735790843,23518.61548173056,40.02182717980044,53.43120464723131,6.546968172968258,0.74903471565046
Indonesia,1998,17053.308772059634,2847.199192775366,23410.653441245384,39.37393553631547,54.052241226574,6.5738232371105445,0.7284422374137902
Indonesia,1999,16498.143614467404,2922.550369044545,23331.56653397973,38.59010825338077,54.57387808636187,6.836013660257359,0.7071168406304722
Indonesia,2000,16002.89592739176,2893.4299820678566,23261.38617113337,37.95959300827092,55.177060194026964,6.863346797702115,0.6879596860504744
Indonesia,2001,15495.884368780944,2896.8318636657773,23191.019624235,37.26429107328761,55.76944722850975,6.966261698202643,0.6681846947594959
Indonesia,2002,15027.066381021656,2863.1279290281245,23195.074313772955,36.57531491058188,56.455939295778656,6.968745793639472,0.647855927415536
Indonesia,2003,14523.505850585552,2872.861047350985,23321.573835616884,35.66856670287731,57.275916746936204,7.055516550186483,0.6227498175275437
Indonesia,2004,14452.047475050158,7514.104318803229,24238.58519692702,31.278281008144017,52.45909137360426,16.262627618251734,0.5962413795043778
Indonesia,2005,13648.797799995777,2909.071746470697,23637.51888336948,33.95612863356395,58.80654424979754,7.237327116638513,0.577420915762804
Indonesia,2006,13265.95954078728,3081.480188019096,23793.01279251817,33.04885398025785,59.27440100451826,7.6767450152238945,0.5575569456659489
Indonesia,2007,12817.298877055136,2914.0191074046697,23953.47501169139,32.29775919027274,60.35932961528741,7.342911194439856,0.5350914166232321
Indonesia,2008,12325.47704786508,2887.6265333391543,24137.579691347262,31.32214239457067,61.33967109075355,7.338186514675786,0.5106343388804415
Indonesia,2009,11852.33360600008,2935.929473402617,24262.209987524988,30.351318883350388,62.13038686098004,7.518294255669569,0.48851005790874985
Indonesia,2010,11382.426528501632,2915.97939199622,24302.27095737885,29.487634542039004,62.9581471699717,7.554218287989303,0.46836884291447706
Indonesia,2011,10882.660980265213,2890.8720944551496,24255.78588809954,28.616502417266155,63.781804538266066,7.601693044467786,0.4486624770877658
Indonesia,2012,10381.555619853656,2843.2133307610984,24255.01646945117,27.699079659873345,64.71492885459669,7.585991485529954,0.42801684480111857
Indonesia,2013,9947.757828992371,2801.6648919920844,24149.427677467367,26.959533214643873,65.44764245143153,7.5928243339246,0.41192520012696326
Indonesia,2014,9568.63809890275,2762.982345405686,24010.07896989761,26.329638550591138,66.06757349523403,7.6027879541748415,0.398525890352103
Indonesia,2015,9217.971188222127,2713.294777413906,23946.45958393572,25.69274123992555,66.744642301389,7.562616458685444,0.384940878458957
Indonesia,2016,8901.826138843237,2685.6410952583115,23786.581127654896,25.16484980120955,67.24302766932104,7.592122529469397,0.374237310148525
Indonesia,2017,8614.512486322976,2645.9567933361727,23597.072724269925,24.71348233719969,67.69574493121205,7.5907727315882605,0.36506699737645115
Indonesia,2018,8267.183042982182,2753.855469417552,23505.708593985542,23.94428591117775,68.07970794804027,7.976006140781973,0.3517095862022864
Indonesia,2019,7968.284330922737,2613.848965014553,23386.276327793963,23.457925817509803,68.8471335185963,7.694940663893925,0.34072480027325447
Indonesia,2020,9608.670083828936,2646.498299312664,23551.47156917076,26.834883408847798,65.77403409126589,7.391082499886327,0.40798597470260983
Indonesia,2021,13869.081228715862,2706.5930494729937,24222.380683168667,33.99446675056487,59.37141049030708,6.63412275912806,0.5725730022215789
Indonesia,2022,8516.1643086522,2521.6914241561,23367.416716455173,24.752497807453082,67.91812723155869,7.329374960988233,0.3644461179423045
Indonesia,2023,8449.741744900313,2519.7670767846043,23349.78177004672,24.620968555032032,68.03690101820537,7.342130426762604,0.3618766902455468
Lao PDR,1990,61762.59999040621,5523.928187072944,27124.474725324875,65.41885806889553,28.73020505168182,5.850936879422644,2.2770063057752528
Lao PDR,1991,60239.143843547696,5183.142100320789,27198.19839810989,65.03868369024013,29.365208561949675,5.596107747810204,2.2148211054940297
Lao PDR,1992,58738.73302537341,5276.216108239488,27378.146378575453,64.27042731859312,29.956471246697458,5.77310143470941,2.145460551388495
Lao PDR,1993,57203.62220701936,5291.393322240132,27597.82155149181,63.4940846137935,30.63264788382182,5.873267502384669,2.0727586088738663
Lao PDR,1994,55595.99070204566,5324.015559990095,27776.35396346192,62.68125384254877,31.31622751243067,6.002518645020557,2.001558259776598
Lao PDR,1995,52695.816981139535,5342.963943141854,27676.321106420142,61.47786764841613,32.28873378288345,6.233398568700419,1.9040036708099748
Lao PDR,1996,50465.42514581135,5290.239165157071,27658.861450226057,60.49956489627198,33.158327279123995,6.342107824604044,1.8245662510955922
Lao PDR,1997,48006.137992131225,5179.998432002262,27616.284364523,59.41175712754217,34.177545790063675,6.4106970823941705,1.738327189801169
Lao PDR,1998,45665.65613375203,5169.113657818552,27670.85428493615,58.16864291053735,35.246970660305614,6.584386429157041,1.6503160930095369
Lao PDR,1999,43231.42642679938,4964.941547525172,27554.43700012703,57.07058352895393,36.375107841323,6.55430862972307,1.5689460984668304
Lao PDR,2000,40979.138202470975,4804.7467050767045,27229.556088990343,56.12547175309,37.29389509293426,6.580633153975753,1.5049506524654643
Lao PDR,2001,38439.81710815163,4639.73446218232,27086.11042283925,54.784371751372696,38.60308540304887,6.612542845578434,1.419170804078936
Lao PDR,2002,35944.67221437719,4505.269752039187,26869.923397343027,53.393856360454706,39.91381036214614,6.692333277399168,1.3377288681787423
Lao PDR,2003,33704.529049650875,4338.917827130498,26610.17480697485,52.130921937384535,41.158057528678974,6.711020533936495,1.2666030679669382
Lao PDR,2004,31662.738572973827,4175.503187849678,26336.168403553034,50.92567583554707,42.35853357341958,6.715790591033342,1.2022530418169024
Lao PDR,2005,29849.67258010871,4039.027551318603,26170.072425495928,49.70077027767662,43.57410468336184,6.725125038961534,1.1406033615339928
Lao PDR,2006,28129.593093898147,3998.991718441584,26011.9838042638,48.38203987888935,44.73981666019588,6.878143460914776,1.0814089884711997
Lao PDR,2007,26528.13876615911,3842.3609951514727,25936.697190225583,47.11322921826847,46.062845594230886,6.823925187500647,1.0228032725830802
Lao PDR,2008,24863.721707085508,3817.95908144626,25848.4890546674,45.596266761282486,47.40217961725484,7.001553621462676,0.9619023245227529
Lao PDR,2009,23420.53468207671,3836.672236572794,25894.40541000222,44.06363919359737,48.71800548568434,7.218355320718298,0.9044631190114168
Lao PDR,2010,22306.94945535761,3780.7744743161247,25820.68751392465,42.97367003726449,49.742781171372165,7.28354879136335,0.8639177188185968
Lao PDR,2011,21207.33947353177,3807.929166980623,25778.66910279356,41.751713719668544,50.751468084773336,7.496818195558117,0.8226700683796586
Lao PDR,2012,20266.0996820095,3745.7699003767416,25705.900622445337,40.76228599656716,51.70364744142777,7.534066562005082,0.7883831801759155
Lao PDR,2013,19522.72899166094,3810.3890145209234,25916.36068395305,39.64047845966643,52.62260915899668,7.736912381336894,0.7532974721928865
Lao PDR,2014,18634.20593390008,3747.232393338096,25937.801594365377,38.564774537293,53.680069546724326,7.755155915982664,0.718418863144828
Lao PDR,2015,17929.56050093637,3752.953420828536,26140.92011111938,37.49116069040059,54.661319580572986,7.847519729026434,0.6858810028385267
Lao PDR,2016,17268.626184756147,3720.2903315686985,26283.229884857985,36.53023503143503,55.599823333176026,7.8699416353889315,0.6570207033308628
Lao PDR,2017,16774.437267616708,3690.790472804619,26221.399426951342,35.92985461871116,56.16469001486658,7.905455366422269,0.6397231892350989
Lao PDR,2018,16253.341560988632,3789.679830039837,26253.214342310755,35.10726369764905,56.707017161235584,8.185719141115356,0.6190991072203331
Lao PDR,2019,15885.055680861346,3737.414313747446,26354.552081599853,34.549988153933214,57.32113758458778,8.128874261479007,0.6027442861361294
Lao PDR,2020,15477.98149559334,3687.3628168683135,26563.83011076672,33.84706085516212,58.08945918182482,8.06347996301306,0.5826713027094643
Lao PDR,2021,15739.41916302236,3693.9323315117344,26393.15939205588,34.34566336934048,57.593648046592186,8.06068858406734,0.5963446410193617
Lao PDR,2022,15827.333885611968,3715.61998923702,26950.42396042473,34.04212518541521,57.9661560747645,7.991718739820283,0.5872758776950436
Lao PDR,2023,15339.240695759088,3748.1083848981466,27072.114767987445,33.230976741965506,58.64911008662491,8.11991317140959,0.5666066662031743
Malaysia,1990,7823.753017719106,3302.4079093906507,22998.6071248312,22.926904604335046,67.39564380283922,9.677451592825745,0.34018377614146617
Malaysia,1991,7609.831681162069,3334.9210160760194,22863.705925277427,22.508662007128972,67.62717632459831,9.864161668272722,0.3328345678531872
Malaysia,1992,7277.025260474295,3252.9128383519887,22683.01009679248,21.910205675249973,68.2956838495436,9.79411047520645,0.3208139144417747
Malaysia,1993,7037.433203712774,3288.731136574919,22551.004970746795,21.405228464577135,68.59168670332592,10.003084832096935,0.31206738736662715
Malaysia,1994,6804.649059367383,3274.1852848043545,22566.21928755684,20.844349456830933,69.1259985115299,10.029652031639147,0.3015413868250191
Malaysia,1995,6673.254828362915,3288.5057613316185,22588.617971752738,20.50131249861017,69.39586871197479,10.102818789415036,0.2954255473578719
Malaysia,1996,6392.793378948057,3390.496841212897,22456.555039058927,19.828858753966443,69.65466136236138,10.516479883672178,0.2846738232034701
Malaysia,1997,6178.104583715839,3281.446303559614,22314.906937923788,19.4436192041527,70.22907223369394,10.327308562153375,0.2768599753027094
Malaysia,1998,5973.890407177773,3262.3061928698494,22458.69296960768,18.84811869765017,70.85903524052547,10.292846061824372,0.2659945712451729
Malaysia,1999,5983.585443373192,3165.297498233013,22755.678361356942,18.754639459084068,71.32421645065372,9.921144090262214,0.2629491131116684
Malaysia,2000,5626.051820711523,3120.842038795971,22470.232979242584,18.022324250955275,71.98046474715956,9.99721100188517,0.25037799233807334
Malaysia,2001,5370.86488891786,3009.245036970535,22095.27090472192,17.62361861454809,72.50203378108017,9.874347604371742,0.24307757583411513
Malaysia,2002,5174.415893513929,2948.874544374068,21897.32223149124,17.23621016832807,72.9409571771542,9.822832654517722,0.23630359177308158
Malaysia,2003,5072.527612281041,2895.9536863178223,21743.345012380323,17.072419443993006,73.18077584596566,9.746804710041342,0.2332910418977771
Malaysia,2004,4958.555405602389,2854.787107521084,21358.93304300369,16.997492691518627,73.21654768380793,9.785959624673444,0.23215370335301502
Malaysia,2005,4880.92281276879,2763.244508168179,20953.09735257168,17.067796058447087,73.26958571664296,9.662618224909941,0.23294516942478338
Malaysia,2006,4811.195357687281,2715.090317997371,20556.76452344977,17.132025629593368,73.19989950409081,9.668074866315825,0.23404438729640525
Malaysia,2007,4812.985387685858,2684.28897095973,20299.760366362647,17.314743947690744,73.02851029681776,9.656745755491496,0.2370956750632943
Malaysia,2008,4861.132822367532,2657.0814895745084,20179.23441734993,17.550832460704395,72.85593201950398,9.593235519791614,0.24089778243459883
Malaysia,2009,4908.207231557519,2656.6071098212865,20080.06768334698,17.754487890986777,72.6357510420454,9.609761066967831,0.24443180715113058
Malaysia,2010,4927.127736960622,2655.6619362661204,19974.171800459968,17.879793248124923,72.48321560972057,9.636991142154514,0.24667494533351114
Malaysia,2011,4950.837216261859,2644.572343467692,19801.90503188876,18.070520012849997,72.27681007081905,9.652669916330957,0.2500182284628215
Malaysia,2012,4949.81725478647,2618.2839498770422,19640.00309466536,18.192437078053118,72.18438623505942,9.623176686887465,0.252027315419871
Malaysia,2013,4961.291675196369,2636.0525039069244,19625.00992694604,18.22506479736767,72.09152393835396,9.68341126427836,0.2528045434710475
Malaysia,2014,5014.668339498032,2630.415381634436,19589.44894787907,18.412903942368388,71.92871339469934,9.65838266293227,0.2559882288082925
Malaysia,2015,5061.543593853586,2551.8462007955795,19692.19490716501,18.53666072024196,72.11782908958058,9.345510190177455,0.2570329827485072
Malaysia,2016,5082.412624249379,2512.623462085375,19797.22930020952,18.554188755582004,72.27306329302134,9.172747951396655,0.2567234306972234
Malaysia,2017,5117.696705327166,2424.671239464132,19818.6518480294,18.704334648630333,72.4338931739293,8.86177217744035,0.25822627818329763
Malaysia,2018,4921.448616243786,2309.7655564224056,19744.175816091632,18.244216740869486,73.19329145684327,8.562491802287257,0.24926077756220005
Malaysia,2019,4641.0059165568,2159.839965633203,19323.58049059836,17.76500601517876,73.96748244289154,8.267511541929693,0.24017318730422768
Malaysia,2020,4354.111675501273,2039.8447505529475,18974.59332137692,17.163423683461357,74.79573531119301,8.040841005345627,0.22947061904066726
Malaysia,2021,8943.497593524005,1970.644936162619,19417.812468412525,29.485397805991997,64.01767531842049,6.496926875587532,0.4605821385942743
Malaysia,2022,5283.644994551071,2117.79569265227,20153.43250034616,19.174992962545925,73.13926782813996,7.6857392093141,0.2621709723373583
Malaysia,2023,4327.82805967714,2083.3405543595577,19276.730578740044,16.847730626777356,75.04206721646014,8.110202156762506,0.22451048127685216
Myanmar,1990,39045.75059581133,5786.824950345603,36287.36655833263,48.13335609327359,44.73297886676415,7.133665039962267,1.076014996377446
Myanmar,1991,37825.08969131079,5929.538847132628,36459.40641520243,47.15520134745644,45.45265231486188,7.392146337681671,1.0374576387930143
Myanmar,1992,36523.689859608894,5961.603206692865,36365.31103540034,46.32011419024814,46.11925482333159,7.560630986420275,1.0043552170928602
Myanmar,1993,35156.32904111429,5742.589238536639,36262.18000613848,45.56224551250194,46.9954171360166,7.442337351481478,0.9695040131388407
Myanmar,1994,33807.6369994708,5793.257163803191,36064.74010401848,44.68030609516033,47.663302440072144,7.656391464767524,0.9374152399812752
Myanmar,1995,32497.1454206624,5832.415735432752,35942.95091914502,43.753933336389466,48.39334218658686,7.852724477023678,0.9041312577190981
Myanmar,1996,31292.02809324001,5635.292372551284,35689.98638151582,43.091694599798316,49.148044634265204,7.760260765936487,0.8767733268020087
Myanmar,1997,30218.201783669567,5603.765277554362,35528.231417658404,42.35195196074094,49.79415919659111,7.853888842667928,0.8505405582516663
Myanmar,1998,29142.68403265281,5547.174335348371,35529.139513138194,41.50256328349062,50.59761686328653,7.899819853222835,0.8202473921969385
Myanmar,1999,28126.58281314574,5410.025003234251,35270.59073658586,40.87738405959762,51.26003016884281,7.862585771559594,0.7974514241398938
Myanmar,2000,27047.0807002332,5369.117778453281,35107.92688732892,40.05543285992103,51.99316051415097,7.951406625928003,0.770398115133223
Myanmar,2001,26106.536481379306,5222.492449306997,34836.45746435723,39.45642646002668,52.65049705274567,7.89307648722766,0.7494027344224107
Myanmar,2002,25160.183288458447,5102.306549194489,34547.767979712604,38.82129794848142,53.30601843471718,7.872683616801406,0.7282723243722488
Myanmar,2003,24086.438276903125,4933.045158432233,34290.00674903383,38.04554136632417,54.16250652023079,7.791952113445036,0.702433173991189
Myanmar,2004,22938.839089078625,4866.904745818277,34154.65040742464,37.02177716843906,55.12335876019263,7.854864071368314,0.6716168608211581
Myanmar,2005,21860.76403626224,4769.773017247094,33984.255907533734,36.06506426626267,56.065944049953785,7.8689916837835465,0.643261517796424
Myanmar,2006,20884.55773986609,4614.415045644915,33579.44238652296,35.350572081277235,56.838766389959815,7.8106615287629575,0.6219447452244788
Myanmar,2007,20003.696739729625,4481.025134230958,33092.25054535515,34.7425296940741,57.474801391699216,7.7826689142266865,0.6044828142562627
Myanmar,2008,19871.864641909524,20838.54504171448,34548.5779667958,26.404639847422494,45.90624860285784,27.68911154971965,0.5751861816427907
Myanmar,2009,18247.020439289325,4325.107616556352,32267.83123836297,33.273220246930954,58.83999852233771,7.886781230731335,0.5654864222047742
Myanmar,2010,17729.84667755663,4198.1839110855135,31819.12680111959,32.98750583027853,59.201506361303494,7.810987808417982,0.5572072039680481
Myanmar,2011,16852.02309906743,4256.030429829234,31487.208317843808,32.040952943961464,59.867005529121045,8.092041526917498,0.5352021979515214
Myanmar,2012,16157.48105692428,4184.4979736405385,31237.30184444773,31.325526030650288,60.5617242321433,8.112749737206414,0.5172495735189814
Myanmar,2013,15267.374407374387,4066.910983385248,31400.51200175817,30.092510844688952,61.89147018529143,8.016018970019623,0.48621418677885064
Myanmar,2014,14482.29785878558,4058.6198487925712,31394.47590493784,29.00207009714184,62.87018812457905,8.127741778279091,0.4613008321157465
Myanmar,2015,13867.987503335862,4247.296706807702,31229.43587127557,28.10429865739148,63.28830282094372,8.607398521664795,0.44406781987667787
Myanmar,2016,13239.285094288456,4177.8176807535,31280.908669939312,27.186500436976,64.23446818825508,8.579031374768915,0.4232385073586848
Myanmar,2017,12752.884376052862,5033.59803241662,31105.597971865307,26.08374255471912,63.62093355384505,10.295323891435835,0.4099867936179113
Myanmar,2018,12344.470919102889,4031.0018034794016,31098.05171864968,26.002853304865226,65.50609436454695,8.491052330587811,0.3969531927847377
Myanmar,2019,11931.582271863075,4121.245176716325,31166.795520321823,25.268270946850212,66.00390592031673,8.727823132833084,0.38282993399444204
Myanmar,2020,12142.147948010852,4141.428645568452,31461.225593955733,25.431350412382397,65.89455637575028,8.674093211867312,0.3859400808067559
Myanmar,2021,14889.362745619112,4796.76695686081,32310.751594979363,28.635107287380034,62.13978759637293,9.225105116247025,0.46081759199723193
Myanmar,2022,11719.846411832204,5258.1436000600615,31650.10097904992,24.10097985136868,65.08604457646774,10.81297557216359,0.3702941238509759
Myanmar,2023,11583.37544900297,5263.534254655126,31824.40524936551,23.799183277014333,65.38636829533303,10.81444842765264,0.3639777509819735
Philippines,1990,14968.511419376562,4043.0308106363855,23320.28425459052,35.35994702430515,55.08924653433594,9.550806441358912,0.6418665937328814
Philippines,1991,13980.26407920588,4249.074326282268,23045.88480352276,33.87083822275687,55.83467032224686,10.294491454996278,0.606627352275443
Philippines,1992,13651.718475869764,3515.964088360584,23135.4967449036,33.872559708399635,57.40365187433335,8.723788417267016,0.5900767390644868
Philippines,1993,13154.43142030933,3511.410548970133,23270.841248681973,32.93821709859259,58.26933879730895,8.792444104098468,0.5652752850546122
Philippines,1994,12564.3524765098,3436.052144402944,23394.60391063344,31.893259945479375,59.384690555149476,8.722049499371145,0.5370619876491683
Philippines,1995,12197.070344163343,3472.0054950007448,23437.227193261195,31.189525468695035,59.93209630127409,8.87837823003086,0.520414392179904
Philippines,1996,11980.25262935112,3348.114769939018,23601.075531988827,30.774271932171025,60.62525881413493,8.600469253694047,0.5076146895556993
Philippines,1997,11565.670237487406,3313.0075015394377,23523.206102730583,30.11745539657909,61.25534413796628,8.627200465454615,0.49167065862441506
Philippines,1998,11222.75053743159,3353.690598450831,23481.536509956568,29.48856253442729,61.69938068825337,8.812056777319333,0.4779393602574923
Philippines,1999,10748.4242575426,3308.659392963469,23407.70870222056,28.6894003211,62.479216438302196,8.83138324059781,0.459183100502398
Philippines,2000,10652.141775615304,3484.87595941668,23530.465960503847,28.279409003574468,62.46890859686645,9.251682399559096,0.4526957431907657
Philippines,2001,10547.69638937254,3426.753597349492,23786.59874548197,27.932742186731378,62.992420878384905,9.074836934883727,0.44343020632052205
Philippines,2002,10323.343792609492,3363.5830366792,23943.77530819305,27.433301018125338,63.62829803365283,8.93840094822183,0.4311493763924966
Philippines,2003,10017.836715107996,3308.647725198341,23641.76298904378,27.09848968159242,63.95153850402421,8.949971814383373,0.42373475784147435
Philippines,2004,9865.185374373144,3323.305732650113,23500.74880660305,26.888497547503658,64.05351776686689,9.057984685629433,0.41978174634168697
Philippines,2005,9757.976619287065,3163.5979137081163,23740.755326151146,26.61581153400892,64.75517354560168,8.629014920389405,0.41102216358459176
Philippines,2006,9687.581186702562,3342.9183178317417,23716.92682252164,26.362611358090977,64.54037518556677,9.097013456342271,0.40846696788317516
Philippines,2007,9540.276989515733,3020.268306516832,23469.13769942073,26.478936799748286,65.13834080189487,8.382722398356849,0.4065030897897543
Philippines,2008,9485.264032565356,3089.0051631008687,23516.237689789028,26.28188089092201,65.15906735370972,8.559051755368282,0.4033495560679737
Philippines,2009,9563.04691217567,3137.952233437294,23653.176744215005,26.305222654906736,65.06316307622104,8.631614268872216,0.4043028560429863
Philippines,2010,9644.648531805988,2959.712065238705,23551.11686397521,26.675483796899425,65.13844794157743,8.186068261523147,0.40951979422083595
Philippines,2011,9540.925014008802,3057.8409758940443,23442.422394149587,26.472281969011004,65.04342238759926,8.484295643389723,0.40699398951150567
Philippines,2012,9386.868826830874,3037.342201178566,23550.911988984823,26.092666375029815,65.46443768339478,8.442895941575399,0.3985777209486103
Philippines,2013,9270.573875655931,3678.71495735658,23570.78432776748,25.384872135502402,64.54199646314197,10.073131401355633,0.39330782322482005
Philippines,2014,9162.511090392598,2844.1847470653984,23504.915545899286,25.801451225293203,66.18938040337702,8.009168371329784,0.3898125510172747
Philippines,2015,9199.17285821139,2842.367622332087,23728.279306627013,25.717694170522055,66.33603257665168,7.946273252826269,0.3876881563696941
Philippines,2016,9156.6772556142,3093.4595854042977,23882.990724199524,25.341502030475976,66.09721420071436,8.561283768809654,0.3833974296333066
Philippines,2017,9070.085428040513,3017.966670357292,23639.10965306509,25.38708641659487,66.16565238938175,8.447261194023389,0.3836898073216759
Philippines,2018,8738.918265961012,2817.5613303275204,23509.497434886554,24.92135969344803,67.04361157250986,8.035028734042097,0.37171863372089914
Philippines,2019,8291.593016550334,2632.493075838428,23380.575481571574,24.17045566438189,68.15568033272505,7.673864002893054,0.35463596792498614
Philippines,2020,8785.863657763162,2452.267500295872,22889.27198705132,25.744307647451244,67.07006650850552,7.185625844043231,0.3838419877544995
Philippines,2021,14901.966919590386,2696.6391102119724,24570.4843759115,35.338601748856284,58.26657425976214,6.394823991381567,0.6064987035501844
Philippines,2022,9931.239785017444,2673.341176552772,23790.284860373387,27.28747464987105,65.36714540112271,7.345379949006245,0.4174493850453867
Philippines,2023,8609.643280862887,2541.94783472008,22996.13977305311,25.212929400612282,67.343097695273,7.443972904114713,0.37439515352710073
Singapore,1990,3015.81760497006,2667.5630830019377,20205.18568621398,11.64922599954084,78.04675389967127,10.30402010078789,0.14925958374278914
Singapore,1991,2879.4264054041782,2633.548922343764,19627.1035106223,11.45352973599045,78.07097040867778,10.475499855331755,0.14670663981803614
Singapore,1992,2801.40275745213,2575.709735749157,19237.10177000012,11.381239829541363,78.15444183712927,10.464318333329366,0.14562499023739958
Singapore,1993,2765.252803350619,2534.039815802192,18921.34624025704,11.41692760212352,78.1207562281372,10.462316169739278,0.14614461192339842
Singapore,1994,2710.1301481415435,2503.440709301136,18736.146344180823,11.315917116373422,78.23117987760932,10.45290300601726,0.14464714879766463
Singapore,1995,2660.0272748176794,2465.964296404584,18380.32109557069,11.316225188204289,78.1931277615324,10.490647050263302,0.14472148016275385
Singapore,1996,2466.5414591674094,2409.8254277389947,18237.825356109952,10.671112506268274,78.90314817996838,10.425739313763351,0.13524317790120083
Singapore,1997,2320.5276340590244,2380.7573601526456,17790.70230303105,10.31713028907631,79.09795638739313,10.584913323530559,0.13043485268502694
Singapore,1998,2268.260522109993,2326.264168056695,17250.118194490904,10.383600840199989,78.96727030775304,10.649128852046958,0.13149246263335154
Singapore,1999,2175.0990380751828,2267.900081442278,16919.88169520492,10.181674732633427,79.20224730900742,10.616077958359147,0.12855285144763182
Singapore,2000,2107.0874845022568,2225.9924455334244,16520.81515333671,10.104047594361969,79.22172374651193,10.6742286591261,0.1275413752254645
Singapore,2001,2003.8694405648123,2176.0158678236226,16294.21773671028,9.787336891637448,79.5845253919973,10.62813771636525,0.12298040157215816
Singapore,2002,2057.0957631386623,2125.627590669027,15864.897445345425,10.261046853128635,79.13606110314903,10.60289204372232,0.12966335081744826
Singapore,2003,2089.485301016663,2083.166881206432,15642.3260701332,10.544979027510124,78.9419290342804,10.513091938209485,0.13357893779022023
Singapore,2004,2053.4282494416325,2041.1141410576288,15384.634567599043,10.541658170972863,78.97990043774931,10.478441391277842,0.1334726697874433
Singapore,2005,2017.9599179876964,1988.471770260463,15068.805048325252,10.578950845305176,78.99668694246645,10.424362212228372,0.13391638630376818
Singapore,2006,1903.954277469699,1960.899702923832,14892.730548016343,10.150316926926315,79.39578001346656,10.453903059607123,0.12784453941008814
Singapore,2007,1851.1772838428951,1920.7249660712453,14706.36489825046,10.018132485040773,79.58735946574518,10.394508049214053,0.12587592492439242
Singapore,2008,1782.047882816061,1877.747178760632,14375.182703858767,9.881065039245048,79.70723829451681,10.41169666623813,0.12396697277021052
Singapore,2009,1737.6152657161963,1834.7148260893848,13954.510055603434,9.914024724947737,79.61794560935915,10.468029665693104,0.12451997660917209
Singapore,2010,1702.2914673680757,1809.5835834706795,13673.27867785726,9.905593480525955,79.56448277227469,10.52992374719937,0.12449767955982609
Singapore,2011,1672.2171559071735,1777.2527855403505,13478.3211074036,9.878531410751702,79.62244493984561,10.499023649402686,0.12406716998221905
Singapore,2012,1645.4007032180712,1759.589209716435,13337.740543837335,9.827552963755473,79.66287564787673,10.509571388367801,0.12336427581644058
Singapore,2013,1649.8044916494598,1735.6230736192315,13114.877393213605,9.99863030289841,79.48263638892112,10.518733308180474,0.12579640984696996
Singapore,2014,1607.798801890193,1711.3694822768362,12961.2000890257,9.875690555857423,79.61244974264604,10.511859701496553,0.12404706283730028
Singapore,2015,1547.874100250449,1687.5551556286814,12787.809705988207,9.660182338503057,79.8078948733217,10.531922788175251,0.1210429413510602
Singapore,2016,1500.5936556414815,1657.9358164103182,12652.097614576,9.491044519737253,80.02274384977937,10.48621163048337,0.11860433750627285
Singapore,2017,1463.5764021200953,1635.1013522842586,12554.36581433033,9.350107509081724,80.20399201728641,10.445900473631866,0.11657907884518377
Singapore,2018,1429.683254085273,1630.538083410683,12396.457800814,9.249614624798348,80.2013012619827,10.549084113218948,0.11532998192365841
Singapore,2019,1387.8771479262696,1618.8028371261785,12293.74146136012,9.07084260905558,80.3490381256301,10.580119265314309,0.1128929831726526
Singapore,2020,1367.7851109297674,1617.4037859700209,12232.625908786164,8.98805201926042,80.38359031820778,10.628357662531796,0.11181451318210808
Singapore,2021,1613.6983516992425,1643.8520770708744,12255.55886031623,10.40215937132924,79.00130548901734,10.596535139653424,0.1316707275524116
Singapore,2022,2001.7662114519364,1715.270151506938,12297.29153707729,12.499845288214786,76.78930776139234,10.710846950392868,0.1627810648724116
Singapore,2023,1483.1467081542803,1769.924373801328,12450.2304076516,9.444808208871617,79.28415827647095,11.271033514657432,0.11912604502827318
Thailand,1990,8573.327563886261,4974.597062686047,21481.916582948943,24.47435462983485,61.32461878562575,14.201026584539386,0.39909509613733696
Thailand,1991,8272.840379382898,5095.902167062496,21742.26157986646,23.561958950593812,61.92435141316,14.513689636246191,0.3804958536164254
Thailand,1992,8119.051885410468,5198.11450126161,22061.92634477148,22.948728355022432,62.35865490457787,14.692616740399703,0.3680119205608093
Thailand,1993,8014.327533248273,5434.309044350739,22274.41625418478,22.434609860996268,62.353059127036914,15.212331011966826,0.3597996662086527
Thailand,1994,8123.060056333019,5837.178290314478,22664.266985566293,22.179303126828103,61.88279344658206,15.937903426589834,0.358408240668281
Thailand,1995,8323.62720693642,6155.801053693028,22856.60959508616,22.293814997464157,61.21862658114684,16.48755842138901,0.364167186402216
Thailand,1996,8562.238304454668,5927.863534042616,22082.839379376965,23.411402034764585,60.38026651404357,16.20833145119184,0.3877326713905682
Thailand,1997,8588.469644770013,5270.045471803408,20743.619382536017,24.820635400371202,59.94895888018094,15.230405719447868,0.4140294654654441
Thailand,1998,8619.540620856747,5065.827182239846,20905.465471511,24.918568894910585,60.43643211930736,14.644998985782061,0.41231038996013064
Thailand,1999,8496.347515614272,5534.155243834752,22098.44412462852,23.516731730032003,61.16548095224875,15.317787317719242,0.3844771816376506
Thailand,2000,8125.576597508109,5910.675169259687,22643.96027071337,22.152479896258782,61.73344976189057,16.11407034185066,0.358840790231263
Thailand,2001,7658.379376102127,6066.020559556004,22665.65983070037,21.045250887941837,62.28530531750893,16.66944379454923,0.3378846869363557
Thailand,2002,7362.852670959583,5995.496861184893,22455.160586375707,20.558869115574467,62.7002505815913,16.740880302834242,0.3278913389480221
Thailand,2003,7047.875472251805,5853.640989801051,22182.02931066636,20.088834571938268,63.22630401832129,16.684861409740435,0.31772906678393004
Thailand,2004,6766.983926650801,6427.201872260448,22006.04866443343,19.224258104580283,62.5167672884371,18.258974606982616,0.30750563310294415
Thailand,2005,6476.170771796961,5390.089381315978,21631.74359831135,19.33300509443523,64.57621701529483,16.09077789026995,0.2993827447317984
Thailand,2006,6142.318097185299,5159.654734686897,21023.58884205536,19.00142728885492,65.03704113210229,15.96153157904278,0.29216315745760174
Thailand,2007,5844.448923982332,4956.254202619563,20559.59073850115,18.636460962777807,65.55930511027306,15.804233926949134,0.2842687385327014
Thailand,2008,5578.734689558322,4723.245875299867,20064.39945111384,18.37141828108597,66.07438700484029,15.554194714073743,0.27804144864393776
Thailand,2009,5339.309707565648,4547.555344616331,19514.52600733428,18.16005813043832,66.37279837485129,15.467143494710388,0.27360693800909835
Thailand,2010,5226.480232276511,4496.275992086628,19299.64132172002,18.008437187098874,66.49912809951391,15.49243471338722,0.2708071173527238
Thailand,2011,5165.74297136546,4430.667653288664,18929.53158041528,18.10893022999761,66.35900558282445,15.532064187177946,0.27289333333055105
Thailand,2012,5138.637854521389,4287.779789524065,18647.05417585829,18.304247823306834,66.42233028918696,15.273421887506203,0.27557370757115135
Thailand,2013,5095.186424671065,4207.117924856608,18479.146532277075,18.340245966088542,66.51613197199809,15.143622061913362,0.2757262850733624
Thailand,2014,5043.941991872481,4113.806605118373,18305.56076107084,18.366111403802325,66.65460641471216,14.979282181485493,0.27554151755892015
Thailand,2015,4949.922155381162,4066.597644681789,18228.4413621634,18.168211457184817,66.90573443516645,14.926054107648737,0.2715493912527084
Thailand,2016,4878.3733726237815,4049.746507794815,18212.71821528791,17.97429156543072,67.10447979190826,14.921228642661028,0.2678553148935689
Thailand,2017,4787.603211353311,3968.092234038413,17731.826936820176,18.07493786043386,66.94407533083674,14.980986808729405,0.27000056048437077
Thailand,2018,4735.095157942746,3848.958948421079,17526.54106168781,18.134765322149786,67.12424955802199,14.740985119828224,0.2701671220394673
Thailand,2019,4677.299185420212,3829.756273656789,17724.1078092555,17.83107801043223,67.56889745203515,14.600024537532622,0.26389476050115956
Thailand,2020,4553.33469918082,3816.780838886885,17829.819222766884,17.379183348148825,68.05291457984883,14.567902072002346,0.2553775022781314
Thailand,2021,5618.020103456734,3830.82034800922,18033.073873166737,20.442608317213075,65.61796845790784,13.93942322487908,0.31153979310295865
Thailand,2022,5227.62016248379,3934.567796864599,18498.74049026753,18.898932376784984,66.87678804405567,14.224279579159363,0.28259330224315116
Thailand,2023,4560.12064350961,3879.881121846625,18248.9177119409,17.086194318914504,68.37638266871126,14.537423012374243,0.2498844433128089
Timor-Leste,1990,38973.03799416452,7640.183996795521,26366.166978897683,53.40280118029125,36.12823750797305,10.468961311735708,1.4781457625356322
Timor-Leste,1991,37568.06879891028,8694.692118831423,26196.806532387705,51.84694046754649,36.153688814686575,11.999370717766954,1.4340705517851584
Timor-Leste,1992,36031.202529799615,8117.157627370388,26133.94367961719,51.266393619470605,37.184244472558326,11.549361907971068,1.3787127948049285
Timor-Leste,1993,34528.735081941,8545.136044003208,26071.479380945828,49.93645245677127,37.705325361461455,12.358222181767262,1.3243872577164186
Timor-Leste,1994,32939.66848515106,7857.704218294904,25896.094177656105,49.389647930395235,38.828532071698156,11.78181999790661,1.2719936936888478
Timor-Leste,1995,31478.924899014888,8278.881610022028,25690.28554573489,48.09754403943662,39.25291744828154,12.649538512281836,1.2253240565572863
Timor-Leste,1996,29967.502958150293,5366.9961226059,25484.313734785253,49.27340993820335,41.902024316188346,8.824565745608298,1.1759195585967706
Timor-Leste,1997,28599.32794788212,8441.345764305974,25209.664057687016,45.94244621387779,40.49723256262677,13.560321223495443,1.134458907601409
Timor-Leste,1998,27292.52149077917,8387.033970796187,24997.89464955625,44.979677690464136,41.19799794449545,13.822324365040414,1.0917928038897329
Timor-Leste,1999,26434.419154356863,23198.09344015432,24669.960146691228,35.57676908873367,33.20207152811373,31.221159383152603,1.0715225722771298
Timor-Leste,2000,25311.35965870048,5517.54116031326,24626.274147818167,45.64291731806701,44.407531240406875,9.949551441526127,1.027819291979376
Timor-Leste,2001,24125.54577419356,5422.0087667487705,24300.240553123345,44.80321939282585,45.12764266517083,10.069137942003323,0.9928109856135835
Timor-Leste,2002,23244.637344186925,5238.597584005718,23679.20737245972,44.562018799292716,45.39512785075935,10.04285334994792,0.9816476108580295
Timor-Leste,2003,22126.138481907536,4769.89927642095,23595.4700615596,43.821504718843585,46.73156156423118,9.446933716925237,0.9377282344526877
Timor-Leste,2004,21675.364699958325,4032.841779909914,22550.71778615279,44.91472826968895,46.72859606618021,8.356675664130844,0.9611829169033381
Timor-Leste,2005,20688.827093914988,4012.712711523825,22513.191938629046,43.81858443263181,47.682558191083324,8.49885737628487,0.9189646297296591
Timor-Leste,2006,19749.09898648941,4238.690324564855,22204.116195551203,42.75445831881795,48.069279567555405,9.176262113626638,0.889434139713533
Timor-Leste,2007,18758.42789153329,4124.553806316912,22070.256169850825,41.72875810801439,49.096032269809726,9.17520962217587,0.8499415569610981
Timor-Leste,2008,18036.496352809485,3808.077074421337,21641.48668878867,41.47650144595454,49.76649213805491,8.757006415990555,0.8334222418348577
Timor-Leste,2009,17095.453740593563,3830.721964430367,21920.74415044242,39.89890941580144,51.16060670028724,8.940483883911316,0.7798756111228335
Timor-Leste,2010,16383.92518718908,3818.018273180817,21886.20684129813,38.927643694856684,52.000875981548525,9.071480323594791,0.7485959218969578
Timor-Leste,2011,15545.09533922196,3992.198962826666,22630.235192978213,36.865084403522665,53.667443798544525,9.467471797932813,0.6869170915221131
Timor-Leste,2012,14904.721213361669,4073.2683495077526,23027.25936468403,35.48299699179947,54.8199569163349,9.697046091865634,0.6472642261640755
Timor-Leste,2013,14528.758922517898,4062.44028560603,22996.84183478247,34.93494417668909,55.296766229158564,9.768289594152339,0.6317719201139745
Timor-Leste,2014,14218.97355817176,4031.4221650034033,22927.87489599913,34.5302834343675,55.6795478567839,9.790168708848611,0.6201609884330336
Timor-Leste,2015,13903.292745980523,4010.723255817096,22917.93154359104,34.05003577290961,56.127451471952305,9.822512755138092,0.6066556538724175
Timor-Leste,2016,13626.1012935608,3999.601773410504,22910.53297664617,33.61461897670754,56.51864902304734,9.866732000245126,0.5947526976980655
Timor-Leste,2017,13436.738313286563,3990.998620122752,22956.19797455532,33.27248408038745,56.84487662451099,9.882639295101567,0.5853207194057074
Timor-Leste,2018,13287.2627486996,3942.912745370157,23023.79632260896,33.00857567350457,57.196334382758586,9.795089943736835,0.5771099849268447
Timor-Leste,2019,12980.80558498755,3916.104260557527,23029.65553816416,32.511701069794384,57.680031620152015,9.808267310053592,0.5636560895787647
Timor-Leste,2020,12595.035298400422,3964.6895042688975,23353.56152434361,31.555996655369924,58.510745852912,9.933257491718074,0.5393196787252956
Timor-Leste,2021,13078.42271653781,4077.022882752609,23086.71982393514,32.49930161310272,57.36947696808272,10.131221418814546,0.5664911609911238
Timor-Leste,2022,12287.465523353194,3809.0005127434815,23127.47652463744,31.32644176277629,58.96265141839579,9.710906818827937,0.5312929627347581
Timor-Leste,2023,11926.261365081797,3804.0934383138497,23189.925150618343,30.64279439709374,59.58314066090546,9.774064942000809,0.5142863242386874
Vietnam,1990,13295.903151073013,5942.026453785918,21688.23806846452,32.487535254222124,52.99357184279284,14.518892902985044,0.613046717262189
Vietnam,1991,12886.364592839283,5961.89152494427,21562.918185391216,31.888122072777552,53.358801265265875,14.753076661956577,0.597616912611102
Vietnam,1992,12451.660612655824,5875.250718479755,21425.4643391175,31.32306032711768,53.89731802909654,14.779621643785775,0.5811617622644578
Vietnam,1993,12005.378394986728,5811.989423608615,21252.65567679271,30.727850461630464,54.39632172041421,14.875827817955317,0.5648883874826174
Vietnam,1994,11536.531349165867,5761.3773117656965,21062.289521416817,30.074222490525234,54.90662332164051,15.019154187834255,0.5477339648871101
Vietnam,1995,11077.57795314631,5693.911787369146,20864.64098634492,29.433360282278965,55.43779496826468,15.128844749456357,0.5309258836706631
Vietnam,1996,10563.154094014011,5692.322493551381,20669.724132733416,28.606896883317823,55.97728307369957,15.415820042982602,0.5110447544525168
Vietnam,1997,10021.627835602829,5845.7385598122455,20479.34596217476,27.572308980815258,56.34442466403241,16.083266355152347,0.4893529243615846
Vietnam,1998,9536.214604723198,5563.295120204938,20324.39048578337,26.92028418101638,57.37479601311,15.704919805873619,0.4692005209894805
Vietnam,1999,8992.389765719368,5502.598325121205,20109.71918620073,25.98603043720998,58.112669542916905,15.901300019873124,0.44716635187476594
Vietnam,2000,8548.980685695717,5409.902065934576,19960.40633387581,25.203891107932275,58.846770884726475,15.949338007341247,0.4282969265603983
Vietnam,2001,8175.2613634378595,5333.89569606322,19898.949511552684,24.470891057684966,59.56323645349598,15.965872488819045,0.41083884145198557
Vietnam,2002,7837.567475849226,5253.518716923014,19872.851540318858,23.776186993526036,60.28664324398765,15.937169762486326,0.39438565018955873
Vietnam,2003,7478.707415940424,5195.216773596281,19878.551682354355,22.974312139490007,61.06617438435584,15.959513476154147,0.3762199347037474
Vietnam,2004,7134.123106687969,5134.763240468083,19848.575400285885,22.21259937285107,61.79995030854756,15.987450318601383,0.3594274633223911
Vietnam,2005,6927.305120200395,5031.6685865045465,19830.46751282964,21.791213857334405,62.380673431415445,15.828112711250144,0.34932636437939063
Vietnam,2006,6716.203323489724,4963.194409410863,19792.722985179567,21.340167647588455,62.88970216681017,15.770130185601378,0.33932689951345735
Vietnam,2007,6532.60734761169,4845.340121076069,19786.269787949943,20.96188488809326,63.49034735899115,15.54776775291558,0.33015861087622084
Vietnam,2008,6334.040954790023,4742.493500408945,19774.00831087365,20.531376069518558,64.096143982983,15.372479947498444,0.3203215481257261
Vietnam,2009,6124.373546065735,4694.309450968107,19785.20354001026,20.011750921415036,64.6493167332244,15.33893234536057,0.309543115575275
Vietnam,2010,5870.214160175966,4682.956462112554,19742.838357379573,19.37619626438425,65.16646588872203,15.457337846893711,0.2973338510864001
Vietnam,2011,5599.87274703558,4649.397182855836,19661.740973097207,18.72177695764892,65.73412392134384,15.544099121007246,0.28481062560521886
Vietnam,2012,5365.117415833795,4611.800083317958,19646.1533422825,18.111280375191626,66.32044816502656,15.568271459781812,0.27308742441132106
Vietnam,2013,5252.789378563495,4449.075334163549,19638.91193258221,17.90269372233289,66.93385171766374,15.163454560003368,0.26746845225415883
Vietnam,2014,5012.416132902094,4450.156522997685,19561.764757495348,17.269700463821085,67.39779957377193,15.332499962406986,0.256235375235331
Vietnam,2015,4827.9016770461385,4396.409980727671,19539.959960501903,16.784369655231163,67.93135671854441,15.284273626224417,0.24707838126614715
Vietnam,2016,4609.71636527562,4380.75065316612,19507.552758040823,16.17556729004623,68.45230970798556,15.372123001968191,0.23630418548403206
Vietnam,2017,4479.341016736437,4279.157641024189,19406.283138321432,15.904050133133104,68.90265750619447,15.193292360672409,0.23081911073899145
Vietnam,2018,4349.5471451979,4197.128768037683,19377.77691786718,15.57612309005853,69.39357786192272,15.030299048018747,0.2244605851142513
Vietnam,2019,4233.217261650725,4116.284527495356,19343.269385575382,15.286362043517313,69.84952594138474,14.864112015097955,0.21884704065629723
Vietnam,2020,4115.5735283812965,4109.28100083447,19286.289149360484,14.95965989805875,70.1035528536725,14.936787248268743,0.21339374809268402
Vietnam,2021,5717.198515717364,3992.623687378524,18743.079939401243,20.093551396214803,65.87405335853829,14.032395245246912,0.3050298315005748
Vietnam,2022,4615.659798552076,3969.365648865289,19100.662429640444,16.671645721964946,68.99110657629177,14.337247701743284,0.24164920015493735
Vietnam,2023,4022.1261980059694,3981.799066568399,19282.78161707805,14.740240423480516,70.66730954640697,14.592450030112506,0.20858641029485706
