covariate_name_short,location_id,location_name,year,age_group_id,age_group_name,sex_id,sex,sdi,lower_value,upper_value
sdi,10,Cambodia,1990,22,All Ages,3,Both,0.297912179,0.297912179,0.297912179
sdi,10,Cambodia,1991,22,All Ages,3,Both,0.30174737,0.30174737,0.30174737
sdi,10,Cambodia,1992,22,All Ages,3,Both,0.306470875,0.306470875,0.306470875
sdi,10,Cambodia,1993,22,All Ages,3,Both,0.311361312,0.311361312,0.311361312
sdi,10,Cambodia,1994,22,All Ages,3,Both,0.3157062,0.3157062,0.3157062
sdi,10,Cambodia,1995,22,All Ages,3,Both,0.320744032,0.320744032,0.320744032
sdi,10,Cambodia,1996,22,All Ages,3,Both,0.325701157,0.325701157,0.325701157
sdi,10,Cambodia,1997,22,All Ages,3,Both,0.330475709,0.330475709,0.330475709
sdi,10,Cambodia,1998,22,All Ages,3,Both,0.334886772,0.334886772,0.334886772
sdi,10,Cambodia,1999,22,All Ages,3,Both,0.340177766,0.340177766,0.340177766
sdi,10,Cambodia,2000,22,All Ages,3,Both,0.346046824,0.346046824,0.346046824
sdi,10,Cambodia,2001,22,All Ages,3,Both,0.352407993,0.352407993,0.352407993
sdi,10,Cambodia,2002,22,All Ages,3,Both,0.359238255,0.359238255,0.359238255
sdi,10,Cambodia,2003,22,All Ages,3,Both,0.366644623,0.366644623,0.366644623
sdi,10,Cambodia,2004,22,All Ages,3,Both,0.374663104,0.374663104,0.374663104
sdi,10,Cambodia,2005,22,All Ages,3,Both,0.383431032,0.383431032,0.383431032
sdi,10,Cambodia,2006,22,All Ages,3,Both,0.392321966,0.392321966,0.392321966
sdi,10,Cambodia,2007,22,All Ages,3,Both,0.401173689,0.401173689,0.401173689
sdi,10,Cambodia,2008,22,All Ages,3,Both,0.409702589,0.409702589,0.409702589
sdi,10,Cambodia,2009,22,All Ages,3,Both,0.417191562,0.417191562,0.417191562
sdi,10,Cambodia,2010,22,All Ages,3,Both,0.424048789,0.424048789,0.424048789
sdi,10,Cambodia,2011,22,All Ages,3,Both,0.43070489,0.43070489,0.43070489
sdi,10,Cambodia,2012,22,All Ages,3,Both,0.437279017,0.437279017,0.437279017
sdi,10,Cambodia,2013,22,All Ages,3,Both,0.443568117,0.443568117,0.443568117
sdi,10,Cambodia,2014,22,All Ages,3,Both,0.449741628,0.449741628,0.449741628
sdi,10,Cambodia,2015,22,All Ages,3,Both,0.455859698,0.455859698,0.455859698
sdi,10,Cambodia,2016,22,All Ages,3,Both,0.461918487,0.461918487,0.461918487
sdi,10,Cambodia,2017,22,All Ages,3,Both,0.467955251,0.467955251,0.467955251
sdi,10,Cambodia,2018,22,All Ages,3,Both,0.474058287,0.474058287,0.474058287
sdi,10,Cambodia,2019,22,All Ages,3,Both,0.480206499,0.480206499,0.480206499
sdi,10,Cambodia,2020,22,All Ages,3,Both,0.485192544,0.485192544,0.485192544
sdi,10,Cambodia,2021,22,All Ages,3,Both,0.490028713,0.490028713,0.490028713
sdi,10,Cambodia,2022,22,All Ages,3,Both,0.494960097,0.494960097,0.494960097
sdi,10,Cambodia,2023,22,All Ages,3,Both,0.499953382,0.499953382,0.499953382
sdi,11,Indonesia,1990,22,All Ages,3,Both,0.460320628,0.460320628,0.460320628
sdi,11,Indonesia,1991,22,All Ages,3,Both,0.469123823,0.469123823,0.469123823
sdi,11,Indonesia,1992,22,All Ages,3,Both,0.477936079,0.477936079,0.477936079
sdi,11,Indonesia,1993,22,All Ages,3,Both,0.486531663,0.486531663,0.486531663
sdi,11,Indonesia,1994,22,All Ages,3,Both,0.49489134,0.49489134,0.49489134
sdi,11,Indonesia,1995,22,All Ages,3,Both,0.502959466,0.502959466,0.502959466
sdi,11,Indonesia,1996,22,All Ages,3,Both,0.510766068,0.510766068,0.510766068
sdi,11,Indonesia,1997,22,All Ages,3,Both,0.518495214,0.518495214,0.518495214
sdi,11,Indonesia,1998,22,All Ages,3,Both,0.524276901,0.524276901,0.524276901
sdi,11,Indonesia,1999,22,All Ages,3,Both,0.529254544,0.529254544,0.529254544
sdi,11,Indonesia,2000,22,All Ages,3,Both,0.533621468,0.533621468,0.533621468
sdi,11,Indonesia,2001,22,All Ages,3,Both,0.537725082,0.537725082,0.537725082
sdi,11,Indonesia,2002,22,All Ages,3,Both,0.542059183,0.542059183,0.542059183
sdi,11,Indonesia,2003,22,All Ages,3,Both,0.546551381,0.546551381,0.546551381
sdi,11,Indonesia,2004,22,All Ages,3,Both,0.551048584,0.551048584,0.551048584
sdi,11,Indonesia,2005,22,All Ages,3,Both,0.555634905,0.555634905,0.555634905
sdi,11,Indonesia,2006,22,All Ages,3,Both,0.560499732,0.560499732,0.560499732
sdi,11,Indonesia,2007,22,All Ages,3,Both,0.566123393,0.566123393,0.566123393
sdi,11,Indonesia,2008,22,All Ages,3,Both,0.572708302,0.572708302,0.572708302
sdi,11,Indonesia,2009,22,All Ages,3,Both,0.57958349,0.57958349,0.57958349
sdi,11,Indonesia,2010,22,All Ages,3,Both,0.586939615,0.586939615,0.586939615
sdi,11,Indonesia,2011,22,All Ages,3,Both,0.594739414,0.594739414,0.594739414
sdi,11,Indonesia,2012,22,All Ages,3,Both,0.602307346,0.602307346,0.602307346
sdi,11,Indonesia,2013,22,All Ages,3,Both,0.60955942,0.60955942,0.60955942
sdi,11,Indonesia,2014,22,All Ages,3,Both,0.616499853,0.616499853,0.616499853
sdi,11,Indonesia,2015,22,All Ages,3,Both,0.623064707,0.623064707,0.623064707
sdi,11,Indonesia,2016,22,All Ages,3,Both,0.62930931,0.62930931,0.62930931
sdi,11,Indonesia,2017,22,All Ages,3,Both,0.635277667,0.635277667,0.635277667
sdi,11,Indonesia,2018,22,All Ages,3,Both,0.64100152,0.64100152,0.64100152
sdi,11,Indonesia,2019,22,All Ages,3,Both,0.6466219,0.6466219,0.6466219
sdi,11,Indonesia,2020,22,All Ages,3,Both,0.651396696,0.651396696,0.651396696
sdi,11,Indonesia,2021,22,All Ages,3,Both,0.656080173,0.656080173,0.656080173
sdi,11,Indonesia,2022,22,All Ages,3,Both,0.660891998,0.660891998,0.660891998
sdi,11,Indonesia,2023,22,All Ages,3,Both,0.665731524,0.665731524,0.665731524
sdi,12,Lao PDR,1990,22,All Ages,3,Both,0.279022936,0.279022936,0.279022936
sdi,12,Lao PDR,1991,22,All Ages,3,Both,0.283407682,0.283407682,0.283407682
sdi,12,Lao PDR,1992,22,All Ages,3,Both,0.287833991,0.287833991,0.287833991
sdi,12,Lao PDR,1993,22,All Ages,3,Both,0.292415179,0.292415179,0.292415179
sdi,12,Lao PDR,1994,22,All Ages,3,Both,0.297381299,0.297381299,0.297381299
sdi,12,Lao PDR,1995,22,All Ages,3,Both,0.302616566,0.302616566,0.302616566
sdi,12,Lao PDR,1996,22,All Ages,3,Both,0.308189899,0.308189899,0.308189899
sdi,12,Lao PDR,1997,22,All Ages,3,Both,0.314285888,0.314285888,0.314285888
sdi,12,Lao PDR,1998,22,All Ages,3,Both,0.320816713,0.320816713,0.320816713
sdi,12,Lao PDR,1999,22,All Ages,3,Both,0.328248445,0.328248445,0.328248445
sdi,12,Lao PDR,2000,22,All Ages,3,Both,0.336434069,0.336434069,0.336434069
sdi,12,Lao PDR,2001,22,All Ages,3,Both,0.345696438,0.345696438,0.345696438
sdi,12,Lao PDR,2002,22,All Ages,3,Both,0.355487481,0.355487481,0.355487481
sdi,12,Lao PDR,2003,22,All Ages,3,Both,0.365367553,0.365367553,0.365367553
sdi,12,Lao PDR,2004,22,All Ages,3,Both,0.375032517,0.375032517,0.375032517
sdi,12,Lao PDR,2005,22,All Ages,3,Both,0.384582176,0.384582176,0.384582176
sdi,12,Lao PDR,2006,22,All Ages,3,Both,0.394483654,0.394483654,0.394483654
sdi,12,Lao PDR,2007,22,All Ages,3,Both,0.404468777,0.404468777,0.404468777
sdi,12,Lao PDR,2008,22,All Ages,3,Both,0.4139362,0.4139362,0.4139362
sdi,12,Lao PDR,2009,22,All Ages,3,Both,0.423126397,0.423126397,0.423126397
sdi,12,Lao PDR,2010,22,All Ages,3,Both,0.431761757,0.431761757,0.431761757
sdi,12,Lao PDR,2011,22,All Ages,3,Both,0.44000962,0.44000962,0.44000962
sdi,12,Lao PDR,2012,22,All Ages,3,Both,0.447882443,0.447882443,0.447882443
sdi,12,Lao PDR,2013,22,All Ages,3,Both,0.45548683,0.45548683,0.45548683
sdi,12,Lao PDR,2014,22,All Ages,3,Both,0.46275395,0.46275395,0.46275395
sdi,12,Lao PDR,2015,22,All Ages,3,Both,0.469682052,0.469682052,0.469682052
sdi,12,Lao PDR,2016,22,All Ages,3,Both,0.476403041,0.476403041,0.476403041
sdi,12,Lao PDR,2017,22,All Ages,3,Both,0.482890683,0.482890683,0.482890683
sdi,12,Lao PDR,2018,22,All Ages,3,Both,0.489018869,0.489018869,0.489018869
sdi,12,Lao PDR,2019,22,All Ages,3,Both,0.494969097,0.494969097,0.494969097
sdi,12,Lao PDR,2020,22,All Ages,3,Both,0.500325255,0.500325255,0.500325255
sdi,12,Lao PDR,2021,22,All Ages,3,Both,0.505411847,0.505411847,0.505411847
sdi,12,Lao PDR,2022,22,All Ages,3,Both,0.510298518,0.510298518,0.510298518
sdi,12,Lao PDR,2023,22,All Ages,3,Both,0.515008269,0.515008269,0.515008269
sdi,13,Malaysia,1990,22,All Ages,3,Both,0.568850087,0.568850087,0.568850087
sdi,13,Malaysia,1991,22,All Ages,3,Both,0.574411369,0.574411369,0.574411369
sdi,13,Malaysia,1992,22,All Ages,3,Both,0.580815841,0.580815841,0.580815841
sdi,13,Malaysia,1993,22,All Ages,3,Both,0.588912768,0.588912768,0.588912768
sdi,13,Malaysia,1994,22,All Ages,3,Both,0.597799274,0.597799274,0.597799274
sdi,13,Malaysia,1995,22,All Ages,3,Both,0.606701143,0.606701143,0.606701143
sdi,13,Malaysia,1996,22,All Ages,3,Both,0.616198392,0.616198392,0.616198392
sdi,13,Malaysia,1997,22,All Ages,3,Both,0.626721414,0.626721414,0.626721414
sdi,13,Malaysia,1998,22,All Ages,3,Both,0.63665249,0.63665249,0.63665249
sdi,13,Malaysia,1999,22,All Ages,3,Both,0.645847709,0.645847709,0.645847709
sdi,13,Malaysia,2000,22,All Ages,3,Both,0.654897981,0.654897981,0.654897981
sdi,13,Malaysia,2001,22,All Ages,3,Both,0.663046821,0.663046821,0.663046821
sdi,13,Malaysia,2002,22,All Ages,3,Both,0.670078782,0.670078782,0.670078782
sdi,13,Malaysia,2003,22,All Ages,3,Both,0.676296343,0.676296343,0.676296343
sdi,13,Malaysia,2004,22,All Ages,3,Both,0.682189849,0.682189849,0.682189849
sdi,13,Malaysia,2005,22,All Ages,3,Both,0.687714111,0.687714111,0.687714111
sdi,13,Malaysia,2006,22,All Ages,3,Both,0.692925839,0.692925839,0.692925839
sdi,13,Malaysia,2007,22,All Ages,3,Both,0.697664336,0.697664336,0.697664336
sdi,13,Malaysia,2008,22,All Ages,3,Both,0.702313384,0.702313384,0.702313384
sdi,13,Malaysia,2009,22,All Ages,3,Both,0.7068684,0.7068684,0.7068684
sdi,13,Malaysia,2010,22,All Ages,3,Both,0.711871777,0.711871777,0.711871777
sdi,13,Malaysia,2011,22,All Ages,3,Both,0.716779072,0.716779072,0.716779072
sdi,13,Malaysia,2012,22,All Ages,3,Both,0.722196746,0.722196746,0.722196746
sdi,13,Malaysia,2013,22,All Ages,3,Both,0.727266586,0.727266586,0.727266586
sdi,13,Malaysia,2014,22,All Ages,3,Both,0.732166341,0.732166341,0.732166341
sdi,13,Malaysia,2015,22,All Ages,3,Both,0.736875672,0.736875672,0.736875672
sdi,13,Malaysia,2016,22,All Ages,3,Both,0.741154625,0.741154625,0.741154625
sdi,13,Malaysia,2017,22,All Ages,3,Both,0.745784581,0.745784581,0.745784581
sdi,13,Malaysia,2018,22,All Ages,3,Both,0.750679343,0.750679343,0.750679343
sdi,13,Malaysia,2019,22,All Ages,3,Both,0.755793909,0.755793909,0.755793909
sdi,13,Malaysia,2020,22,All Ages,3,Both,0.760095564,0.760095564,0.760095564
sdi,13,Malaysia,2021,22,All Ages,3,Both,0.763674987,0.763674987,0.763674987
sdi,13,Malaysia,2022,22,All Ages,3,Both,0.767055122,0.767055122,0.767055122
sdi,13,Malaysia,2023,22,All Ages,3,Both,0.770371353,0.770371353,0.770371353
sdi,15,Myanmar,1990,22,All Ages,3,Both,0.325768673,0.325768673,0.325768673
sdi,15,Myanmar,1991,22,All Ages,3,Both,0.328462164,0.328462164,0.328462164
sdi,15,Myanmar,1992,22,All Ages,3,Both,0.331951956,0.331951956,0.331951956
sdi,15,Myanmar,1993,22,All Ages,3,Both,0.335891684,0.335891684,0.335891684
sdi,15,Myanmar,1994,22,All Ages,3,Both,0.340469034,0.340469034,0.340469034
sdi,15,Myanmar,1995,22,All Ages,3,Both,0.345684677,0.345684677,0.345684677
sdi,15,Myanmar,1996,22,All Ages,3,Both,0.351249663,0.351249663,0.351249663
sdi,15,Myanmar,1997,22,All Ages,3,Both,0.35693388,0.35693388,0.35693388
sdi,15,Myanmar,1998,22,All Ages,3,Both,0.362666601,0.362666601,0.362666601
sdi,15,Myanmar,1999,22,All Ages,3,Both,0.368986902,0.368986902,0.368986902
sdi,15,Myanmar,2000,22,All Ages,3,Both,0.376161099,0.376161099,0.376161099
sdi,15,Myanmar,2001,22,All Ages,3,Both,0.383897614,0.383897614,0.383897614
sdi,15,Myanmar,2002,22,All Ages,3,Both,0.392119467,0.392119467,0.392119467
sdi,15,Myanmar,2003,22,All Ages,3,Both,0.40105101,0.40105101,0.40105101
sdi,15,Myanmar,2004,22,All Ages,3,Both,0.410530652,0.410530652,0.410530652
sdi,15,Myanmar,2005,22,All Ages,3,Both,0.420319288,0.420319288,0.420319288
sdi,15,Myanmar,2006,22,All Ages,3,Both,0.430046557,0.430046557,0.430046557
sdi,15,Myanmar,2007,22,All Ages,3,Both,0.439426857,0.439426857,0.439426857
sdi,15,Myanmar,2008,22,All Ages,3,Both,0.447945784,0.447945784,0.447945784
sdi,15,Myanmar,2009,22,All Ages,3,Both,0.455906456,0.455906456,0.455906456
sdi,15,Myanmar,2010,22,All Ages,3,Both,0.463434344,0.463434344,0.463434344
sdi,15,Myanmar,2011,22,All Ages,3,Both,0.470286227,0.470286227,0.470286227
sdi,15,Myanmar,2012,22,All Ages,3,Both,0.475830761,0.475830761,0.475830761
sdi,15,Myanmar,2013,22,All Ages,3,Both,0.482321405,0.482321405,0.482321405
sdi,15,Myanmar,2014,22,All Ages,3,Both,0.48868152,0.48868152,0.48868152
sdi,15,Myanmar,2015,22,All Ages,3,Both,0.494765578,0.494765578,0.494765578
sdi,15,Myanmar,2016,22,All Ages,3,Both,0.500553392,0.500553392,0.500553392
sdi,15,Myanmar,2017,22,All Ages,3,Both,0.506285898,0.506285898,0.506285898
sdi,15,Myanmar,2018,22,All Ages,3,Both,0.51217775,0.51217775,0.51217775
sdi,15,Myanmar,2019,22,All Ages,3,Both,0.518005127,0.518005127,0.518005127
sdi,15,Myanmar,2020,22,All Ages,3,Both,0.522942113,0.522942113,0.522942113
sdi,15,Myanmar,2021,22,All Ages,3,Both,0.526046894,0.526046894,0.526046894
sdi,15,Myanmar,2022,22,All Ages,3,Both,0.529080851,0.529080851,0.529080851
sdi,15,Myanmar,2023,22,All Ages,3,Both,0.532025372,0.532025372,0.532025372
sdi,16,Philippines,1990,22,All Ages,3,Both,0.515982065,0.515982065,0.515982065
sdi,16,Philippines,1991,22,All Ages,3,Both,0.519653959,0.519653959,0.519653959
sdi,16,Philippines,1992,22,All Ages,3,Both,0.523280061,0.523280061,0.523280061
sdi,16,Philippines,1993,22,All Ages,3,Both,0.527012682,0.527012682,0.527012682
sdi,16,Philippines,1994,22,All Ages,3,Both,0.531126224,0.531126224,0.531126224
sdi,16,Philippines,1995,22,All Ages,3,Both,0.535421564,0.535421564,0.535421564
sdi,16,Philippines,1996,22,All Ages,3,Both,0.539646404,0.539646404,0.539646404
sdi,16,Philippines,1997,22,All Ages,3,Both,0.543273451,0.543273451,0.543273451
sdi,16,Philippines,1998,22,All Ages,3,Both,0.546054386,0.546054386,0.546054386
sdi,16,Philippines,1999,22,All Ages,3,Both,0.548635928,0.548635928,0.548635928
sdi,16,Philippines,2000,22,All Ages,3,Both,0.551173908,0.551173908,0.551173908
sdi,16,Philippines,2001,22,All Ages,3,Both,0.553299307,0.553299307,0.553299307
sdi,16,Philippines,2002,22,All Ages,3,Both,0.555236642,0.555236642,0.555236642
sdi,16,Philippines,2003,22,All Ages,3,Both,0.556987022,0.556987022,0.556987022
sdi,16,Philippines,2004,22,All Ages,3,Both,0.558661379,0.558661379,0.558661379
sdi,16,Philippines,2005,22,All Ages,3,Both,0.560211079,0.560211079,0.560211079
sdi,16,Philippines,2006,22,All Ages,3,Both,0.56199045,0.56199045,0.56199045
sdi,16,Philippines,2007,22,All Ages,3,Both,0.564212299,0.564212299,0.564212299
sdi,16,Philippines,2008,22,All Ages,3,Both,0.566956716,0.566956716,0.566956716
sdi,16,Philippines,2009,22,All Ages,3,Both,0.570030549,0.570030549,0.570030549
sdi,16,Philippines,2010,22,All Ages,3,Both,0.574283166,0.574283166,0.574283166
sdi,16,Philippines,2011,22,All Ages,3,Both,0.57973768,0.57973768,0.57973768
sdi,16,Philippines,2012,22,All Ages,3,Both,0.586592687,0.586592687,0.586592687
sdi,16,Philippines,2013,22,All Ages,3,Both,0.594047012,0.594047012,0.594047012
sdi,16,Philippines,2014,22,All Ages,3,Both,0.601998317,0.601998317,0.601998317
sdi,16,Philippines,2015,22,All Ages,3,Both,0.61031034,0.61031034,0.61031034
sdi,16,Philippines,2016,22,All Ages,3,Both,0.618962729,0.618962729,0.618962729
sdi,16,Philippines,2017,22,All Ages,3,Both,0.627811332,0.627811332,0.627811332
sdi,16,Philippines,2018,22,All Ages,3,Both,0.636551771,0.636551771,0.636551771
sdi,16,Philippines,2019,22,All Ages,3,Both,0.64524944,0.64524944,0.64524944
sdi,16,Philippines,2020,22,All Ages,3,Both,0.651748105,0.651748105,0.651748105
sdi,16,Philippines,2021,22,All Ages,3,Both,0.65787241,0.65787241,0.65787241
sdi,16,Philippines,2022,22,All Ages,3,Both,0.663855573,0.663855573,0.663855573
sdi,16,Philippines,2023,22,All Ages,3,Both,0.669416191,0.669416191,0.669416191
sdi,18,Thailand,1990,22,All Ages,3,Both,0.499392746,0.499392746,0.499392746
sdi,18,Thailand,1991,22,All Ages,3,Both,0.508251875,0.508251875,0.508251875
sdi,18,Thailand,1992,22,All Ages,3,Both,0.517277569,0.517277569,0.517277569
sdi,18,Thailand,1993,22,All Ages,3,Both,0.526283372,0.526283372,0.526283372
sdi,18,Thailand,1994,22,All Ages,3,Both,0.535140174,0.535140174,0.535140174
sdi,18,Thailand,1995,22,All Ages,3,Both,0.544111882,0.544111882,0.544111882
sdi,18,Thailand,1996,22,All Ages,3,Both,0.55272585,0.55272585,0.55272585
sdi,18,Thailand,1997,22,All Ages,3,Both,0.559773361,0.559773361,0.559773361
sdi,18,Thailand,1998,22,All Ages,3,Both,0.565070757,0.565070757,0.565070757
sdi,18,Thailand,1999,22,All Ages,3,Both,0.569917696,0.569917696,0.569917696
sdi,18,Thailand,2000,22,All Ages,3,Both,0.574239749,0.574239749,0.574239749
sdi,18,Thailand,2001,22,All Ages,3,Both,0.578126001,0.578126001,0.578126001
sdi,18,Thailand,2002,22,All Ages,3,Both,0.582046604,0.582046604,0.582046604
sdi,18,Thailand,2003,22,All Ages,3,Both,0.586190838,0.586190838,0.586190838
sdi,18,Thailand,2004,22,All Ages,3,Both,0.590512844,0.590512844,0.590512844
sdi,18,Thailand,2005,22,All Ages,3,Both,0.594837575,0.594837575,0.594837575
sdi,18,Thailand,2006,22,All Ages,3,Both,0.599385846,0.599385846,0.599385846
sdi,18,Thailand,2007,22,All Ages,3,Both,0.604279491,0.604279491,0.604279491
sdi,18,Thailand,2008,22,All Ages,3,Both,0.609785036,0.609785036,0.609785036
sdi,18,Thailand,2009,22,All Ages,3,Both,0.615756341,0.615756341,0.615756341
sdi,18,Thailand,2010,22,All Ages,3,Both,0.621066407,0.621066407,0.621066407
sdi,18,Thailand,2011,22,All Ages,3,Both,0.624933568,0.624933568,0.624933568
sdi,18,Thailand,2012,22,All Ages,3,Both,0.629909265,0.629909265,0.629909265
sdi,18,Thailand,2013,22,All Ages,3,Both,0.635595171,0.635595171,0.635595171
sdi,18,Thailand,2014,22,All Ages,3,Both,0.641265557,0.641265557,0.641265557
sdi,18,Thailand,2015,22,All Ages,3,Both,0.647011729,0.647011729,0.647011729
sdi,18,Thailand,2016,22,All Ages,3,Both,0.652880826,0.652880826,0.652880826
sdi,18,Thailand,2017,22,All Ages,3,Both,0.658824844,0.658824844,0.658824844
sdi,18,Thailand,2018,22,All Ages,3,Both,0.664802489,0.664802489,0.664802489
sdi,18,Thailand,2019,22,All Ages,3,Both,0.670527964,0.670527964,0.670527964
sdi,18,Thailand,2020,22,All Ages,3,Both,0.675101293,0.675101293,0.675101293
sdi,18,Thailand,2021,22,All Ages,3,Both,0.679413351,0.679413351,0.679413351
sdi,18,Thailand,2022,22,All Ages,3,Both,0.683479273,0.683479273,0.683479273
sdi,18,Thailand,2023,22,All Ages,3,Both,0.68718778,0.68718778,0.68718778
sdi,19,Timor-Leste,1990,22,All Ages,3,Both,0.275587436,0.275587436,0.275587436
sdi,19,Timor-Leste,1991,22,All Ages,3,Both,0.28384965,0.28384965,0.28384965
sdi,19,Timor-Leste,1992,22,All Ages,3,Both,0.292706935,0.292706935,0.292706935
sdi,19,Timor-Leste,1993,22,All Ages,3,Both,0.302046096,0.302046096,0.302046096
sdi,19,Timor-Leste,1994,22,All Ages,3,Both,0.311520106,0.311520106,0.311520106
sdi,19,Timor-Leste,1995,22,All Ages,3,Both,0.32070185,0.32070185,0.32070185
sdi,19,Timor-Leste,1996,22,All Ages,3,Both,0.330009647,0.330009647,0.330009647
sdi,19,Timor-Leste,1997,22,All Ages,3,Both,0.338722961,0.338722961,0.338722961
sdi,19,Timor-Leste,1998,22,All Ages,3,Both,0.346379051,0.346379051,0.346379051
sdi,19,Timor-Leste,1999,22,All Ages,3,Both,0.349925122,0.349925122,0.349925122
sdi,19,Timor-Leste,2000,22,All Ages,3,Both,0.353945828,0.353945828,0.353945828
sdi,19,Timor-Leste,2001,22,All Ages,3,Both,0.359413086,0.359413086,0.359413086
sdi,19,Timor-Leste,2002,22,All Ages,3,Both,0.364064524,0.364064524,0.364064524
sdi,19,Timor-Leste,2003,22,All Ages,3,Both,0.368422747,0.368422747,0.368422747
sdi,19,Timor-Leste,2004,22,All Ages,3,Both,0.372673969,0.372673969,0.372673969
sdi,19,Timor-Leste,2005,22,All Ages,3,Both,0.376941104,0.376941104,0.376941104
sdi,19,Timor-Leste,2006,22,All Ages,3,Both,0.380654583,0.380654583,0.380654583
sdi,19,Timor-Leste,2007,22,All Ages,3,Both,0.385311309,0.385311309,0.385311309
sdi,19,Timor-Leste,2008,22,All Ages,3,Both,0.391138884,0.391138884,0.391138884
sdi,19,Timor-Leste,2009,22,All Ages,3,Both,0.398176211,0.398176211,0.398176211
sdi,19,Timor-Leste,2010,22,All Ages,3,Both,0.405463443,0.405463443,0.405463443
sdi,19,Timor-Leste,2011,22,All Ages,3,Both,0.4128863,0.4128863,0.4128863
sdi,19,Timor-Leste,2012,22,All Ages,3,Both,0.420200936,0.420200936,0.420200936
sdi,19,Timor-Leste,2013,22,All Ages,3,Both,0.427006421,0.427006421,0.427006421
sdi,19,Timor-Leste,2014,22,All Ages,3,Both,0.433586591,0.433586591,0.433586591
sdi,19,Timor-Leste,2015,22,All Ages,3,Both,0.439475885,0.439475885,0.439475885
sdi,19,Timor-Leste,2016,22,All Ages,3,Both,0.445047758,0.445047758,0.445047758
sdi,19,Timor-Leste,2017,22,All Ages,3,Both,0.449344849,0.449344849,0.449344849
sdi,19,Timor-Leste,2018,22,All Ages,3,Both,0.452871404,0.452871404,0.452871404
sdi,19,Timor-Leste,2019,22,All Ages,3,Both,0.458625697,0.458625697,0.458625697
sdi,19,Timor-Leste,2020,22,All Ages,3,Both,0.465875872,0.465875872,0.465875872
sdi,19,Timor-Leste,2021,22,All Ages,3,Both,0.476931005,0.476931005,0.476931005
sdi,19,Timor-Leste,2022,22,All Ages,3,Both,0.483069434,0.483069434,0.483069434
sdi,19,Timor-Leste,2023,22,All Ages,3,Both,0.484532958,0.484532958,0.484532958
sdi,20,Vietnam,1990,22,All Ages,3,Both,0.414175369,0.414175369,0.414175369
sdi,20,Vietnam,1991,22,All Ages,3,Both,0.419552409,0.419552409,0.419552409
sdi,20,Vietnam,1992,22,All Ages,3,Both,0.426119761,0.426119761,0.426119761
sdi,20,Vietnam,1993,22,All Ages,3,Both,0.433614592,0.433614592,0.433614592
sdi,20,Vietnam,1994,22,All Ages,3,Both,0.441851005,0.441851005,0.441851005
sdi,20,Vietnam,1995,22,All Ages,3,Both,0.450720811,0.450720811,0.450720811
sdi,20,Vietnam,1996,22,All Ages,3,Both,0.459963644,0.459963644,0.459963644
sdi,20,Vietnam,1997,22,All Ages,3,Both,0.470111957,0.470111957,0.470111957
sdi,20,Vietnam,1998,22,All Ages,3,Both,0.480374063,0.480374063,0.480374063
sdi,20,Vietnam,1999,22,All Ages,3,Both,0.489573905,0.489573905,0.489573905
sdi,20,Vietnam,2000,22,All Ages,3,Both,0.497644338,0.497644338,0.497644338
sdi,20,Vietnam,2001,22,All Ages,3,Both,0.505066758,0.505066758,0.505066758
sdi,20,Vietnam,2002,22,All Ages,3,Both,0.512844962,0.512844962,0.512844962
sdi,20,Vietnam,2003,22,All Ages,3,Both,0.521125801,0.521125801,0.521125801
sdi,20,Vietnam,2004,22,All Ages,3,Both,0.529461434,0.529461434,0.529461434
sdi,20,Vietnam,2005,22,All Ages,3,Both,0.537441577,0.537441577,0.537441577
sdi,20,Vietnam,2006,22,All Ages,3,Both,0.544835463,0.544835463,0.544835463
sdi,20,Vietnam,2007,22,All Ages,3,Both,0.551895877,0.551895877,0.551895877
sdi,20,Vietnam,2008,22,All Ages,3,Both,0.558568199,0.558568199,0.558568199
sdi,20,Vietnam,2009,22,All Ages,3,Both,0.564598517,0.564598517,0.564598517
sdi,20,Vietnam,2010,22,All Ages,3,Both,0.57033267,0.57033267,0.57033267
sdi,20,Vietnam,2011,22,All Ages,3,Both,0.575735438,0.575735438,0.575735438
sdi,20,Vietnam,2012,22,All Ages,3,Both,0.581145724,0.581145724,0.581145724
sdi,20,Vietnam,2013,22,All Ages,3,Both,0.586405153,0.586405153,0.586405153
sdi,20,Vietnam,2014,22,All Ages,3,Both,0.591765656,0.591765656,0.591765656
sdi,20,Vietnam,2015,22,All Ages,3,Both,0.597259349,0.597259349,0.597259349
sdi,20,Vietnam,2016,22,All Ages,3,Both,0.602699766,0.602699766,0.602699766
sdi,20,Vietnam,2017,22,All Ages,3,Both,0.608381036,0.608381036,0.608381036
sdi,20,Vietnam,2018,22,All Ages,3,Both,0.614297029,0.614297029,0.614297029
sdi,20,Vietnam,2019,22,All Ages,3,Both,0.620331755,0.620331755,0.620331755
sdi,20,Vietnam,2020,22,All Ages,3,Both,0.62609567,0.62609567,0.62609567
sdi,20,Vietnam,2021,22,All Ages,3,Both,0.631534162,0.631534162,0.631534162
sdi,20,Vietnam,2022,22,All Ages,3,Both,0.637308539,0.637308539,0.637308539
sdi,20,Vietnam,2023,22,All Ages,3,Both,0.64302812,0.64302812,0.64302812
sdi,66,Brunei Darussalam,1990,22,All Ages,3,Both,0.677062936,0.677062936,0.677062936
sdi,66,Brunei Darussalam,1991,22,All Ages,3,Both,0.682664212,0.682664212,0.682664212
sdi,66,Brunei Darussalam,1992,22,All Ages,3,Both,0.688412052,0.688412052,0.688412052
sdi,66,Brunei Darussalam,1993,22,All Ages,3,Both,0.694074867,0.694074867,0.694074867
sdi,66,Brunei Darussalam,1994,22,All Ages,3,Both,0.699681756,0.699681756,0.699681756
sdi,66,Brunei Darussalam,1995,22,All Ages,3,Both,0.705255708,0.705255708,0.705255708
sdi,66,Brunei Darussalam,1996,22,All Ages,3,Both,0.710957613,0.710957613,0.710957613
sdi,66,Brunei Darussalam,1997,22,All Ages,3,Both,0.716661029,0.716661029,0.716661029
sdi,66,Brunei Darussalam,1998,22,All Ages,3,Both,0.722666291,0.722666291,0.722666291
sdi,66,Brunei Darussalam,1999,22,All Ages,3,Both,0.728957676,0.728957676,0.728957676
sdi,66,Brunei Darussalam,2000,22,All Ages,3,Both,0.735468055,0.735468055,0.735468055
sdi,66,Brunei Darussalam,2001,22,All Ages,3,Both,0.742242868,0.742242868,0.742242868
sdi,66,Brunei Darussalam,2002,22,All Ages,3,Both,0.749093402,0.749093402,0.749093402
sdi,66,Brunei Darussalam,2003,22,All Ages,3,Both,0.755797095,0.755797095,0.755797095
sdi,66,Brunei Darussalam,2004,22,All Ages,3,Both,0.762165819,0.762165819,0.762165819
sdi,66,Brunei Darussalam,2005,22,All Ages,3,Both,0.767961842,0.767961842,0.767961842
sdi,66,Brunei Darussalam,2006,22,All Ages,3,Both,0.77311121,0.77311121,0.77311121
sdi,66,Brunei Darussalam,2007,22,All Ages,3,Both,0.777885602,0.777885602,0.777885602
sdi,66,Brunei Darussalam,2008,22,All Ages,3,Both,0.782248549,0.782248549,0.782248549
sdi,66,Brunei Darussalam,2009,22,All Ages,3,Both,0.786377252,0.786377252,0.786377252
sdi,66,Brunei Darussalam,2010,22,All Ages,3,Both,0.790256031,0.790256031,0.790256031
sdi,66,Brunei Darussalam,2011,22,All Ages,3,Both,0.793911656,0.793911656,0.793911656
sdi,66,Brunei Darussalam,2012,22,All Ages,3,Both,0.797757633,0.797757633,0.797757633
sdi,66,Brunei Darussalam,2013,22,All Ages,3,Both,0.801708657,0.801708657,0.801708657
sdi,66,Brunei Darussalam,2014,22,All Ages,3,Both,0.805639265,0.805639265,0.805639265
sdi,66,Brunei Darussalam,2015,22,All Ages,3,Both,0.809416607,0.809416607,0.809416607
sdi,66,Brunei Darussalam,2016,22,All Ages,3,Both,0.813005925,0.813005925,0.813005925
sdi,66,Brunei Darussalam,2017,22,All Ages,3,Both,0.816313415,0.816313415,0.816313415
sdi,66,Brunei Darussalam,2018,22,All Ages,3,Both,0.819279274,0.819279274,0.819279274
sdi,66,Brunei Darussalam,2019,22,All Ages,3,Both,0.82202331,0.82202331,0.82202331
sdi,66,Brunei Darussalam,2020,22,All Ages,3,Both,0.824696282,0.824696282,0.824696282
sdi,66,Brunei Darussalam,2021,22,All Ages,3,Both,0.827306102,0.827306102,0.827306102
sdi,66,Brunei Darussalam,2022,22,All Ages,3,Both,0.829883688,0.829883688,0.829883688
sdi,66,Brunei Darussalam,2023,22,All Ages,3,Both,0.832363947,0.832363947,0.832363947
sdi,69,Singapore,1990,22,All Ages,3,Both,0.697561317,0.697561317,0.697561317
sdi,69,Singapore,1991,22,All Ages,3,Both,0.706407734,0.706407734,0.706407734
sdi,69,Singapore,1992,22,All Ages,3,Both,0.714699465,0.714699465,0.714699465
sdi,69,Singapore,1993,22,All Ages,3,Both,0.723505424,0.723505424,0.723505424
sdi,69,Singapore,1994,22,All Ages,3,Both,0.732324274,0.732324274,0.732324274
sdi,69,Singapore,1995,22,All Ages,3,Both,0.741018588,0.741018588,0.741018588
sdi,69,Singapore,1996,22,All Ages,3,Both,0.749977614,0.749977614,0.749977614
sdi,69,Singapore,1997,22,All Ages,3,Both,0.758531596,0.758531596,0.758531596
sdi,69,Singapore,1998,22,All Ages,3,Both,0.765799069,0.765799069,0.765799069
sdi,69,Singapore,1999,22,All Ages,3,Both,0.770846221,0.770846221,0.770846221
sdi,69,Singapore,2000,22,All Ages,3,Both,0.777609696,0.777609696,0.777609696
sdi,69,Singapore,2001,22,All Ages,3,Both,0.784552532,0.784552532,0.784552532
sdi,69,Singapore,2002,22,All Ages,3,Both,0.790120738,0.790120738,0.790120738
sdi,69,Singapore,2003,22,All Ages,3,Both,0.794886206,0.794886206,0.794886206
sdi,69,Singapore,2004,22,All Ages,3,Both,0.800466737,0.800466737,0.800466737
sdi,69,Singapore,2005,22,All Ages,3,Both,0.807120976,0.807120976,0.807120976
sdi,69,Singapore,2006,22,All Ages,3,Both,0.814123488,0.814123488,0.814123488
sdi,69,Singapore,2007,22,All Ages,3,Both,0.821357791,0.821357791,0.821357791
sdi,69,Singapore,2008,22,All Ages,3,Both,0.829026863,0.829026863,0.829026863
sdi,69,Singapore,2009,22,All Ages,3,Both,0.834443287,0.834443287,0.834443287
sdi,69,Singapore,2010,22,All Ages,3,Both,0.838312167,0.838312167,0.838312167
sdi,69,Singapore,2011,22,All Ages,3,Both,0.841629114,0.841629114,0.841629114
sdi,69,Singapore,2012,22,All Ages,3,Both,0.845157209,0.845157209,0.845157209
sdi,69,Singapore,2013,22,All Ages,3,Both,0.848551512,0.848551512,0.848551512
sdi,69,Singapore,2014,22,All Ages,3,Both,0.851320806,0.851320806,0.851320806
sdi,69,Singapore,2015,22,All Ages,3,Both,0.854226509,0.854226509,0.854226509
sdi,69,Singapore,2016,22,All Ages,3,Both,0.856930124,0.856930124,0.856930124
sdi,69,Singapore,2017,22,All Ages,3,Both,0.859035281,0.859035281,0.859035281
sdi,69,Singapore,2018,22,All Ages,3,Both,0.861113142,0.861113142,0.861113142
sdi,69,Singapore,2019,22,All Ages,3,Both,0.863032188,0.863032188,0.863032188
sdi,69,Singapore,2020,22,All Ages,3,Both,0.864906224,0.864906224,0.864906224
sdi,69,Singapore,2021,22,All Ages,3,Both,0.866698816,0.866698816,0.866698816
sdi,69,Singapore,2022,22,All Ages,3,Both,0.868313428,0.868313428,0.868313428
sdi,69,Singapore,2023,22,All Ages,3,Both,0.869993868,0.869993868,0.869993868
